order_id,buyer_name,product_name,asin,sku,quantity,item_subtotal,ship_by_date,deliver_by_date,comment
114-3845127-9284103,Emma Carter,Classic Cotton T-Shirt,B0D7K2M4P1,100101-BLK-M,1,24.99,2026-08-24,2026-08-27,
113-7294051-1846273,Liam Brooks,Slim Fit Denim Jeans,B0C9R5N2Q8,200201-BLU-32,1,59.99,2026-08-24,2026-08-28,
112-5831049-7629154,Olivia Turner,Running Sneakers,B0F3T8W6L2,300301-WHT-08,1,79.99,2026-08-24,2026-08-28,
111-9274610-3051842,Noah Bennett,Classic Cotton T-Shirt,B0D7K2M4P1,100101-BLK-L,2,49.98,2026-08-24,2026-08-28,
114-6152839-4701265,Ava Mitchell,Lightweight Hoodie,B0H4V7X9C3,400401-GRY-M,1,54.99,2026-08-24,2026-08-29,
113-2485716-8394027,Ethan Parker,Leather Casual Belt,B0J6N1R5T8,500501-BRN-34,1,34.99,2026-08-24,2026-08-29,
112-7603948-2156831,Sophia Collins,Slim Fit Denim Jeans,B0C9R5N2Q8,200201-BLU-30,1,59.99,2026-08-25,2026-08-29,
111-4368215-9703542,Mason Reed,Running Sneakers,B0F3T8W6L2,300301-WHT-10,2,159.98,2026-08-25,2026-08-29,
114-8592073-6415280,Isabella Hayes,Lightweight Hoodie,B0H4V7X9C3,400401-GRY-S,1,54.99,2026-08-25,2026-08-30,
113-5741308-2967415,Lucas Morgan,Classic Cotton T-Shirt,B0D7K2M4P1,100101-WHT-M,1,24.99,2026-08-25,2026-08-30,Buyer cancellation
112-3016854-8274391,Mia Foster,Leather Casual Belt,B0J6N1R5T8,500501-BRN-32,1,34.99,2026-08-25,2026-08-30,
111-7954236-1805729,James Cooper,Classic Cotton T-Shirt,B0D7K2M4P1,100101-BLK-M,3,74.97,2026-08-25,2026-08-30,
114-2689147-7530261,Charlotte Ward,Running Sneakers,B0F3T8W6L2,300301-WHT-08,1,79.99,2026-08-26,2026-08-30,
113-6417305-9281647,Benjamin Ross,Slim Fit Denim Jeans,B0C9R5N2Q8,200201-BLU-32,2,119.98,2026-08-26,2026-08-30,
112-9375062-3148759,Amelia Price,Lightweight Hoodie,B0H4V7X9C3,400401-GRY-M,1,54.99,2026-08-26,2026-08-31,
111-4826139-7052846,Henry Adams,Performance Polo Shirt,B0K8P3S6V1,600601-NVY-M,1,44.99,2026-08-26,2026-08-31,
114-7039518-4627305,Evelyn Scott,Performance Polo Shirt,B0K8P3S6V1,600601-NVY-L,2,89.98,2026-08-26,2026-08-31,
113-1958247-8364102,Alexander Green,Canvas Casual Sneakers,B0L2Q7W4Y9,700701-BLK-09,1,69.99,2026-08-26,2026-08-31,
112-8643175-2095483,Harper Baker,Canvas Casual Sneakers,B0L2Q7W4Y9,700701-BLK-08,1,69.99,2026-08-27,2026-08-31,
111-5296804-7413926,Daniel Nelson,Women's Knit Sweater,B0M5A8D2G7,800801-CRM-S,1,64.99,2026-08-27,2026-09-01,
114-3167492-8506274,Ella Hill,Women's Knit Sweater,B0M5A8D2G7,800801-CRM-M,2,129.98,2026-08-27,2026-09-01,
113-9082614-3751498,Michael Roberts,Classic Cotton T-Shirt,B0D7K2M4P1,100101-BLK-XL,1,24.99,2026-08-27,2026-09-01,
112-4571836-6925041,Scarlett Phillips,Slim Fit Denim Jeans,B0C9R5N2Q8,200201-BLK-28,1,59.99,2026-08-27,2026-09-01,
111-6830259-1478362,Jackson Evans,Running Sneakers,B0F3T8W6L2,300301-GRY-11,1,79.99,2026-08-27,2026-09-01,
114-2405718-9634157,Grace Turner,Lightweight Hoodie,B0H4V7X9C3,400401-BLK-L,1,54.99,2026-08-28,2026-09-01,
113-7519364-2086745,Sebastian Campbell,Leather Casual Belt,B0J6N1R5T8,500501-BLK-36,2,69.98,2026-08-28,2026-09-01,
112-3946207-8153729,Chloe Parker,Performance Polo Shirt,B0K8P3S6V1,600601-WHT-S,1,44.99,2026-08-28,2026-09-02,
111-8261453-5709384,Matthew Edwards,Canvas Casual Sneakers,B0L2Q7W4Y9,700701-WHT-10,1,69.99,2026-08-28,2026-09-02,
114-5728041-3961258,Lily Collins,Women's Knit Sweater,B0M5A8D2G7,800801-BLK-M,1,64.99,2026-08-28,2026-09-02,
113-4692175-8036412,David Stewart,Classic Cotton T-Shirt,B0D7K2M4P1,100101-WHT-L,4,99.96,2026-08-28,2026-09-02,
112-7150384-2649715,Aria Sanchez,Slim Fit Denim Jeans,B0C9R5N2Q8,200201-BLU-34,1,59.99,2026-08-29,2026-09-02,
111-3526849-9175036,Joseph Morris,Running Sneakers,B0F3T8W6L2,300301-BLK-09,2,159.98,2026-08-29,2026-09-02,
114-9804316-5271840,Nora Rogers,Lightweight Hoodie,B0H4V7X9C3,400401-GRY-L,1,54.99,2026-08-29,2026-09-03,
113-6275109-3489621,Samuel Cook,Leather Casual Belt,B0J6N1R5T8,500501-BRN-38,1,34.99,2026-08-29,2026-09-03,
112-1847365-9025714,Hazel Morgan,Performance Polo Shirt,B0K8P3S6V1,600601-NVY-M,3,134.97,2026-08-29,2026-09-03,
111-7462058-5318497,John Bell,Canvas Casual Sneakers,B0L2Q7W4Y9,700701-BLK-11,1,69.99,2026-08-29,2026-09-03,
114-5039187-2647301,Aurora Murphy,Women's Knit Sweater,B0M5A8D2G7,800801-CRM-L,1,64.99,2026-08-30,2026-09-03,
113-2914675-8305264,Wyatt Bailey,Classic Cotton T-Shirt,B0D7K2M4P1,100101-BLK-S,2,49.98,2026-08-30,2026-09-03,
112-6385204-1759438,Penelope Rivera,Slim Fit Denim Jeans,B0C9R5N2Q8,200201-BLK-32,1,59.99,2026-08-30,2026-09-04,
111-9753146-4206817,Andrew Cooper,Running Sneakers,B0F3T8W6L2,300301-WHT-12,1,79.99,2026-08-30,2026-09-04,Buyer cancellation
114-4172863-7590341,Riley Richardson,Lightweight Hoodie,B0H4V7X9C3,400401-BLK-M,2,109.98,2026-08-30,2026-09-04,
113-8605391-2746185,Christopher Cox,Leather Casual Belt,B0J6N1R5T8,500501-BLK-34,1,34.99,2026-08-30,2026-09-04,
112-5461708-9234856,Zoey Howard,Performance Polo Shirt,B0K8P3S6V1,600601-WHT-M,1,44.99,2026-08-31,2026-09-04,
111-3097254-6815432,Nathan Ward,Canvas Casual Sneakers,B0L2Q7W4Y9,700701-WHT-09,2,139.98,2026-08-31,2026-09-04,
114-6914382-5071269,Hannah Peterson,Women's Knit Sweater,B0M5A8D2G7,800801-BLK-S,1,64.99,2026-08-31,2026-09-05,
113-2587046-9315728,Ryan Gray,Classic Cotton T-Shirt,B0D7K2M4P1,100101-BLK-M,1,24.99,2026-08-31,2026-09-05,
112-8741630-2957481,Victoria James,Slim Fit Denim Jeans,B0C9R5N2Q8,200201-BLU-30,3,179.97,2026-08-31,2026-09-05,
111-4257961-6382047,Isaac Watson,Running Sneakers,B0F3T8W6L2,300301-GRY-10,1,79.99,2026-08-31,2026-09-05,
114-7630825-1496374,Stella Brooks,Lightweight Hoodie,B0H4V7X9C3,400401-GRY-S,1,54.99,2026-08-31,2026-09-05,
113-5102487-8643915,Anthony Kelly,Performance Polo Shirt,B0K8P3S6V1,600601-NVY-L,2,89.98,2026-08-31,2026-09-05,
